date,wind_speed_ms,power_output_kw,temperature_c,humidity_percent,pressure_hpa,capacity_factor
2023-01-01,7.745071229516849,293.110027161266,12.064881667154904,60.18663239654187,1020.2868479721692,0.146555013580633
2023-01-02,6.827006699079744,153.7730168072816,16.39677402132602,64.93357729043245,1008.1180300276775,0.07688650840364081
2023-01-03,8.040328928378255,351.3007724477539,10.23622979342256,74.5292343022601,1023.2742153533877,0.17565038622387694
2023-01-04,9.387713518350854,715.0538646549684,18.603310580671014,79.83619902698727,1006.3627962302029,0.35752693232748417
2023-01-05,6.786280754877275,148.91584472073467,17.105346532050522,61.98356199174432,1011.40405438175,0.07445792236036733
2023-01-06,6.820606773098894,153.00283963456152,16.627150245554954,68.02988631722576,1022.4497166538873,0.07650141981728076
2023-01-07,9.574881981347446,779.7696943467802,18.978386742268327,76.0014193739832,1010.7373912882625,0.38988484717339006
2023-01-08,8.391404424094064,429.9403437702644,21.197684985211232,64.08071269257798,1020.5605332207865,0.2149701718851322
2023-01-09,6.570159229210773,124.84329589204363,19.4149642356204,71.10169898604573,1012.34452393219,0.06242164794602181
2023-01-10,8.122248160504325,368.70948746349103,11.019417781631958,74.6614259205935,1032.8169180640002,0.1843547437317455
2023-01-11,6.647227580001706,133.10398476689159,12.873039695894896,72.31970900520358,1028.6877860410284,0.0665519923834458
2023-01-12,6.677604204868209,136.45750591506464,15.00653844303094,63.76049469230832,999.7190373756625,0.06822875295753232
2023-01-13,7.772875635288042,298.29283534592,17.127934290327456,67.10769137371479,1018.22243681248,0.14914641767296002
2023-01-14,4.573623948126267,10.690680146043123,18.770698636972188,75.67583568970795,1004.8359601389895,0.0053453400730215615
2023-01-15,4.8896484016186035,18.511664930467585,15.20789431248037,71.08453028264033,1014.9150693879274,0.009255832465233793
2023-01-16,6.666933532385286,135.27314311026078,18.112124424664966,60.104592270858255,1013.6837062931027,0.06763657155513039
2023-01-17,6.024306796440635,75.88920507003037,15.45161858765139,75.21981520056188,1002.4461298290752,0.037944602535015186
2023-01-18,8.047952280311947,352.8971813544364,16.048352998119334,60.70622709880478,1023.5848454353032,0.1764485906772182
2023-01-19,6.24740235293651,93.95302560194088,13.827209040546967,74.91467565462465,1015.0330294356908,0.04697651280097044
2023-01-20,5.523659756367605,44.09556119830633,15.440876803519997,64.04961120330475,1010.1531696432742,0.022047780599153164
2023-01-21,9.873075291654699,890.7498783115991,14.317956874512841,79.1614696023876,1008.618901757564,0.44537493915579957
2023-01-22,7.368224891818372,228.67434050434608,15.606826953808879,67.3588150260417,1014.3977696976624,0.11433717025217303
2023-01-23,7.840259673926652,311.10604672624845,21.85576222429735,66.53863232676159,1017.0792501751429,0.15555302336312424
2023-01-24,5.633704439588466,50.11913590910633,16.005936928047426,62.97776100664889,1011.7502421364173,0.025059567954553167
2023-01-25,6.985883884107228,173.7306304555218,26.909436048987182,66.1120843098043,984.6748042922379,0.0868653152277609
2023-01-26,8.000235647222256,342.9840174886873,20.649212515929953,77.53301523656401,1013.1689071624248,0.17149200874434364
2023-01-27,6.138508438134504,84.81494195825385,19.87950239242441,79.92668675254495,998.5851793839022,0.04240747097912693
2023-01-28,8.45943690633429,446.4224445106374,16.904376053535273,67.36619061013697,1010.9054743435092,0.2232112222553187
2023-01-29,7.025557810256776,178.97017834488602,21.73350886390189,68.97221261909085,998.9543574293036,0.08948508917244301
2023-01-30,7.519327015819488,253.23502368482607,18.05742472383369,74.44141876405475,998.8350236492054,0.12661751184241304
2023-01-31,7.08437636501038,186.93031187602307,20.30071086070846,77.72391560930149,1025.3512182194852,0.09346515593801154
2023-02-01,10.79513015263843,1299.4889171049317,27.763817994181508,71.86088668373569,1009.7990801905561,0.6497444585524659
2023-02-02,8.025942769591365,348.3012910533758,19.94276333431738,67.83051396355658,1009.0333784017809,0.1741506455266879
2023-02-03,6.488788360047378,116.50011160923934,23.82459374626317,68.25243681697248,1017.8252404882859,0.05825005580461967
2023-02-04,9.338020053646625,698.4949880913045,18.41148415208155,73.91236292993614,1009.2940947692755,0.34924749404565225
2023-02-05,6.301458391206372,98.72336543257246,20.55865385932364,60.064365272085574,1034.038060921274,0.04936168271628623
2023-02-06,8.47420524812533,450.0551102785738,26.11695118499751,72.39178674919681,1010.2698023927398,0.2250275551392869
2023-02-07,5.249247127350302,31.218640801707146,19.06286039248653,67.10986020882714,1016.6512541198301,0.015609320400853572
2023-02-08,6.223963926439438,91.93332941501747,26.518560672926206,75.88394662554168,1022.7094133137687,0.045966664707508736
2023-02-09,8.53866563433678,466.14165195745824,23.340124709031905,61.85981279646264,1029.022532256069,0.2330708259787291
2023-02-10,9.377836496966603,711.7420282598682,19.663282807184636,71.7640453389678,1005.5799386434236,0.3558710141299341
2023-02-11,8.55357604133638,469.9164362329627,23.379841314923684,69.61945779772248,1008.8203649616136,0.23495821811648135
2023-02-12,8.149054526348916,374.52855921945894,24.530298098536576,72.84651051810455,1025.745918752935,0.18726427960972947
2023-02-13,7.896483379925299,322.07374376350293,23.60612450319775,61.297071889659364,1021.1006230405269,0.16103687188175148
2023-02-14,6.15556897513917,86.20560416349332,17.156085643780184,71.59967574856262,1023.7517593566846,0.04310280208174666
2023-02-15,7.318392288539049,220.93714740992684,19.809381478180956,71.22969175919047,999.3129545644033,0.11046857370496342
2023-02-16,7.73159334750795,290.6194689777189,21.37020161308364,71.21320188832343,1028.4799975392402,0.14530973448885945
2023-02-17,10.03220679021585,954.063688321426,22.00931696713725,72.06975333192909,1005.385924567152,0.477031844160713
2023-02-18,8.985494782618574,588.3051322218162,24.212353033981444,73.52935874452724,1014.9229297814189,0.29415256611090806
2023-02-19,5.848615996020725,63.41678095370914,22.998984148123892,76.0997799936154,1011.5177712240823,0.03170839047685457
2023-02-20,9.001969209086887,593.1762534681474,18.573183198843168,65.39641440256429,1004.2151716345193,0.2965881267340737
2023-02-21,7.960438297893361,334.8594988942858,23.830902145607073,76.50098820360124,998.87464236579,0.16742974944714292
2023-02-22,7.544442044374497,257.48039988939513,24.630882460018647,69.96511364526907,995.561518833671,0.12874019994469757
2023-02-23,9.498641227084397,752.9569589371289,24.5850053129086,61.541165582686624,1014.1901840605398,0.37647847946856444
2023-02-24,10.148459945700507,1002.1666161672904,26.252145486446768,61.17101858487958,997.7468090976654,0.5010833080836452
2023-02-25,10.019240662831422,948.796046157482,25.613368884432333,66.68476637392122,1001.6618440491312,0.474398023078741
2023-02-26,7.383373950791821,231.06173740160986,24.588541415814202,75.69793954222935,1010.8196412180178,0.11553086870080494
2023-02-27,8.197775469847427,385.26096927339296,23.097473033745306,74.15361869481832,986.611914997401,0.1926304846366965
2023-02-28,9.17739128632104,646.7222470375467,18.419597895530494,75.77229929344813,1020.78979712044,0.32336112351877333
2023-03-01,10.1622186496465,1007.9643976959127,24.78335945221256,70.34538112883219,988.901118328932,0.5039821988479564
2023-03-02,7.998041689815848,342.5327414358303,24.207078294408248,68.80397995910981,1012.2262760866722,0.17126637071791515
2023-03-03,8.45570863956669,445.50847903779015,24.4857220343982,62.94905053412568,1013.1501922659429,0.2227542395188951
2023-03-04,7.091575524708219,187.9205104693496,19.925144201125377,66.56385507218623,1018.380617201818,0.0939602552346748
2023-03-05,6.973130758602988,172.06836896605984,20.59403385239519,68.6803873234775,1012.583191976101,0.08603418448302992
2023-03-06,10.002069123185073,941.8497970473253,27.075860507967583,61.772008593592346,1033.1790796383325,0.47092489852366265
2023-03-07,10.832952425962286,1318.496355961737,23.874296453960287,64.41223905422423,1015.163168815685,0.6592481779808685
2023-03-08,8.705356961825096,509.50791204994516,26.11136281309586,71.96450588127477,1023.5361239924366,0.2547539560249726
2023-03-09,10.332914646131359,1081.7635830588633,24.223031624858,74.7132622847838,1005.7653719112972,0.5408817915294317
2023-03-10,9.383771671191937,713.7309058117631,24.295856586589665,79.966950227859,1014.2075680618947,0.35686545290588156
2023-03-11,7.88679546052822,320.16581017691954,27.087226880107533,78.66226662687116,1028.4757009502894,0.16008290508845976
2023-03-12,9.409177190498463,722.286175531441,22.78728472652709,72.85130399070383,1010.6230487531036,0.3611430877657205
2023-03-13,11.186194821605078,1505.0422637139295,24.684062190353572,68.42496106588143,1014.9223476419523,0.7525211318569648
2023-03-14,8.836901035161336,545.568713468888,23.06637460301619,72.72354729416466,1022.8085344913748,0.27278435673444396
2023-03-15,11.248546228646175,1539.6950215817128,23.204415042328886,75.71303236160463,1005.5777047980837,0.7698475107908564
2023-03-16,4.9823410315535375,21.37162663068314,23.632277068034846,62.36672381846775,991.384396666808,0.01068581331534157
2023-03-17,10.154624607677832,1004.7615867434961,25.275255570476112,68.19809779392577,1015.5557365371237,0.502380793371748
2023-03-18,9.061584933985928,611.027915274635,23.21882579315293,76.79604571271234,1022.88669169358,0.3055139576373175
2023-03-19,8.491175368235787,454.2536321077158,28.4657003463935,67.67665903866089,999.4855423510803,0.2271268160538579
2023-03-20,9.08542563663324,618.2659749312314,22.055100452491413,71.43744542454372,1019.7021989727734,0.30913298746561574
2023-03-21,5.9739527970619895,72.1613551709199,24.215915912332562,71.75538721724396,1019.7696638733954,0.03608067758545995
2023-03-22,8.632741427787154,490.3000226157294,23.492053122894596,63.689525062672786,990.265037408847,0.2451500113078647
2023-03-23,9.504280546265687,754.9188384570564,29.18399209805153,67.24470883304576,1003.6371136759323,0.3774594192285282
2023-03-24,11.19123264169429,1507.8226028156878,25.46162220244481,66.69022577483864,1009.0417121926833,0.7539113014078439
2023-03-25,8.202181878523671,386.2416138861234,27.993469648076623,60.5239341706413,1011.2037599976476,0.1931208069430617
2023-03-26,7.771456641243757,298.026863659169,20.464304108806772,60.483835277827104,1005.5686573523202,0.14901343182958451
2023-03-27,8.23558416402768,393.7294531531947,25.742249444630193,76.63394087351547,1005.0299719641782,0.19686472657659734
2023-03-28,10.36475724357323,1095.9172832719523,27.627162721970905,65.46141619945625,1029.7148289118209,0.5479586416359762
2023-03-29,9.487625706644216,749.1345468409244,25.219347178599726,70.36157532477631,1011.9244086814109,0.3745672734204622
2023-03-30,8.202113507283725,386.22638519654316,28.180210189867474,65.97451147177546,1006.0495633985026,0.1931131925982716
2023-03-31,9.768318861805984,850.6382334147974,23.440223210378637,78.81358490230681,1012.5883052308745,0.4253191167073987
2023-04-01,9.145106571407208,636.6353129522406,29.225493557482473,65.18593517731547,1018.3709083306114,0.3183176564761203
2023-04-02,10.452938587100771,1135.7561448995377,31.89654987736494,68.5931362547787,1013.516263767112,0.5678780724497688
2023-04-03,7.9467804907763835,332.10115450255887,23.91078497664308,77.45460500969205,1010.9427240917203,0.16605057725127945
2023-04-04,8.507664151199139,458.3580010110632,23.659279291276643,76.83867133583618,1006.4998333132954,0.2291790005055316
2023-04-05,8.40970079807148,434.3323765075984,29.34946857020168,63.72202835692555,1006.378691545324,0.21716618825379919
2023-04-06,6.800705062433019,150.624277015192,29.718603860348125,76.0528661959142,1007.0219161351464,0.07531213850759601
2023-04-07,9.43768171523965,731.9661041901031,23.398926416754122,69.16373773475786,1016.3881460081074,0.36598305209505155
2023-04-08,9.382018113817294,713.1429034224614,23.691615576449724,69.65937744170711,1003.0581990759821,0.35657145171123067
2023-04-09,8.99445029461548,590.9497559223114,24.088546721677414,62.66959944831888,1016.9326922347022,0.2954748779611557
2023-04-10,8.63065639349473,489.7557508759111,20.879333934684425,61.612030275142494,1027.1299475562682,0.24487787543795553
2023-04-11,6.854651299765555,157.1295107063446,22.132581224753288,74.5587861394753,1016.257073578132,0.0785647553531723
2023-04-12,8.341324512535152,418.0703427042189,21.849040183159744,69.92922304710599,1009.3041447108286,0.20903517135210944
2023-04-13,8.452222172654146,444.65491906143023,22.52807704190911,68.73701405230359,1000.0187311494537,0.22232745953071512
2023-04-14,7.756297636359304,295.1953680906008,24.69451303879832,74.59016457304793,1028.7810680791151,0.1475976840453004
2023-04-15,8.710624654674852,510.9204844848032,25.465410308478884,75.3102579798222,1001.2998234940109,0.2554602422424016
2023-04-16,9.5508913974658,771.2650758675455,29.3755770396622,63.17816335338707,1021.4856203447575,0.3856325379337728
2023-04-17,11.76578035204914,1847.8819349878204,21.687445378950343,72.20450298955282,1019.3851786059448,0.9239409674939102
2023-04-18,9.18948156552122,650.5269432894441,27.591041426797055,62.707081645553714,1010.6323139703594,0.3252634716447221
2023-04-19,9.304483366152372,687.4656087755637,23.948822367664604,75.02750172058091,1010.3702119621933,0.34373280438778187
2023-04-20,8.796464226466426,534.3083325659054,24.392274371621085,73.13910312534279,994.6428872595898,0.2671541662829527
2023-04-21,6.019386949931332,75.51944477161607,26.512177340899285,79.13229242166916,1016.3006500081262,0.037759722385808034
2023-04-22,8.846622118739347,548.2991127134865,21.063798594878968,61.379160327128425,1019.199263323958,0.2741495563567432
2023-04-23,8.965029191840294,582.2911472827503,25.520648623195925,61.14109442302509,1002.1091988385219,0.29114557364137517
2023-04-24,12.557283241552318,2000.0,24.811456988761115,65.643741493864,1011.441785256709,1.0
2023-04-25,8.561063701485335,471.81970754645175,25.72537953530954,65.23411367471812,1013.3786191500895,0.23590985377322587
2023-04-26,9.288563910069291,682.270987919838,25.04872041456782,64.93957598144,1018.8457262794957,0.34113549395991905
2023-04-27,8.770269616107461,527.0972926327709,31.477586773059315,78.12509161042072,1013.0380307612319,0.2635486463163854
2023-04-28,7.054875329415504,182.90896208357415,22.126241976470062,64.99092399699012,996.7368064603842,0.09145448104178708
2023-04-29,10.507146738353645,1160.7192364040002,22.37157171790012,65.43899452257261,1007.7006223053751,0.5803596182020001
2023-04-30,9.905301644688745,903.3383151820099,22.017588899018623,75.18796524835928,1015.2462578538901,0.45166915759100495
2023-05-01,9.947913633424864,920.1649810286094,22.14039720682071,68.9947968490108,1021.4152834203976,0.4600824905143047
2023-05-02,7.380726931417814,230.64339142173029,21.81187918613006,75.53421113910362,1006.8236339060576,0.11532169571086515
2023-05-03,10.831925663971619,1317.977929031381,27.205720581160005,61.307323151287704,1034.8764987455002,0.6589889645156906
2023-05-04,6.607372422990965,128.78800333306833,27.8122578298665,69.75142387346769,994.0552693116304,0.06439400166653417
2023-05-05,9.572343416883873,778.8668348935809,21.74804999966891,60.672272003665654,1007.362998249421,0.38943341744679044
2023-05-06,11.959149266783953,1972.8896043413763,20.870262421032237,61.25306406910709,1012.1696639650722,0.9864448021706882
2023-05-07,7.168574186796466,198.73075023203614,24.68614004162171,78.12874906688822,1010.9925083644714,0.09936537511601808
2023-05-08,7.78535536924568,300.63881558441864,21.517340685406275,62.78490742235191,1000.6785767018516,0.15031940779220931
2023-05-09,8.76421853623616,525.4407854986799,24.972502896290028,70.64841364550435,1017.4786174775179,0.26272039274933995
2023-05-10,7.838989704400089,310.8612303914301,23.579784990425843,68.22191205201413,1016.7109405131392,0.15543061519571505
2023-05-11,6.2471979855740045,93.93528860330338,18.318733315874326,66.94686652517686,1013.4796144598155,0.046967644301651686
2023-05-12,8.654562007823007,496.0202193171456,27.40110333206001,77.99666691374546,1016.3184386325852,0.24801010965857279
2023-05-13,6.936327210279089,167.33086046486838,28.036546923627792,60.43646793550979,1008.7622358855197,0.0836654302324342
2023-05-14,9.2177839747386,659.4917317116001,20.69861057247598,73.27579372351178,996.8263704989143,0.32974586585580007
2023-05-15,7.10542546282326,189.8353040009197,21.25970439106187,79.26788868427101,1005.8336012994776,0.09491765200045986
2023-05-16,10.786190601363293,1295.023232635022,23.164041141359633,71.20336366923684,1014.5705458140944,0.647511616317511
2023-05-17,7.26270381607249,212.49951376455093,23.191289142845307,78.73644924066184,1014.627444148464,0.10624975688227546
2023-05-18,7.9303608368467176,328.80512821997286,24.04289837379465,61.045157585720474,1013.4137905258585,0.16440256410998644
2023-05-19,9.609180030272256,792.0365315065337,27.97513463738781,68.37586638148323,1018.4870826798503,0.3960182657532669
2023-05-20,6.517647823529993,119.41518022128037,21.28887980842248,65.20315581924102,1007.1885395454998,0.05970759011064018
2023-05-21,8.679770680988707,502.6837798383104,19.298012161797207,74.61641929961459,1013.2668105711053,0.2513418899191552
2023-05-22,10.27353528381952,1055.6965861102108,17.4261480779358,79.62594180994493,1018.7209277840492,0.5278482930551054
2023-05-23,5.875448188967142,65.22575389140542,19.24057508421916,65.13060124888496,1012.1511018149764,0.03261287694570271
2023-05-24,8.537094969767194,465.74519659072485,21.201339991222294,73.08349202948149,1000.566760715939,0.23287259829536242
2023-05-25,8.623066617563913,487.7779380248328,26.549885721509746,63.9619526551948,1003.3851163034446,0.24388896901241638
2023-05-26,9.378710041804908,712.034521052385,19.4770447735862,71.3066050914322,1021.3085232427936,0.3560172605261925
2023-05-27,6.3229261081474695,100.66175996431333,21.563124727239657,69.27864973376673,1026.9247216294257,0.050330879982156664
2023-05-28,6.169695001797541,87.36850259346738,20.70263091890152,79.44010659263074,1024.7528310782404,0.043684251296733694
2023-05-29,8.904979600882083,564.8819169830282,24.17551608262793,72.17054545392934,1015.3215594974204,0.28244095849151407
2023-05-30,8.538899555586966,466.20071584603255,28.047910006306807,66.99012744173638,1000.968673979833,0.23310035792301628
2023-05-31,8.440193553213694,441.7184318808101,18.729665069713437,62.28191569775867,1012.9364844322713,0.22085921594040506
2023-06-01,8.55484333475184,470.2382061552508,18.707536774977225,63.02493657469869,1028.6225513195043,0.2351191030776254
2023-06-02,6.985544357190873,173.68623789228533,23.16038982900026,64.5063385990247,1019.1848838045647,0.08684311894614266
2023-06-03,8.32407483662613,414.03296581774106,21.924145923302056,65.01933322680595,1010.9252247731613,0.20701648290887054
2023-06-04,8.385127128520576,428.4403330327144,25.267714070070873,77.01232115682276,1019.2862523284122,0.2142201665163572
2023-06-05,6.8435356251089505,155.77408173510725,21.327098316720402,71.2244557656505,1000.306047933844,0.07788704086755362
2023-06-06,10.682998070651278,1244.2127279217186,18.343805247309543,70.46781822748733,1006.043286221518,0.6221063639608593
2023-06-07,8.56409754774753,472.5923346513924,21.038705323976178,62.295377437384346,1002.1580860897767,0.2362961673256962
2023-06-08,6.035152263570097,76.70857527601105,22.436648288619075,77.2027938669887,1017.6957181834844,0.038354287638005524
2023-06-09,8.775453990480575,528.5193019059454,21.414564431241242,74.45628606416967,1020.1410349972009,0.2642596509529727
2023-06-10,6.296883182108106,98.31349712832828,20.316350530567338,61.35336723800003,1011.4617397280164,0.04915674856416414
2023-06-11,8.907590130579491,565.6314333940726,21.834840193596527,74.15670194459537,1004.2707032326043,0.2828157166970363
2023-06-12,9.432699010879661,730.2678149396517,21.98191498317979,70.87076434685292,1012.8025090646537,0.3651339074698258
2023-06-13,6.431418978075808,110.84694136420237,22.458689251129446,61.634506914935564,1008.1342010932619,0.055423470682101184
2023-06-14,9.074947435324386,615.0777836179341,20.095545870058448,69.16601283057312,1005.0382929530625,0.30753889180896704
2023-06-15,8.216309025132189,389.3968225288332,17.48433393268664,69.69392574260094,1016.3899368530924,0.1946984112644166
2023-06-16,8.797305565355574,534.5410259526506,18.261217686119164,63.31549080326552,1005.4200777748133,0.26727051297632526
2023-06-17,10.376315529589034,1101.0851991683478,21.275157177565628,78.91396294000565,997.3365026703591,0.550542599584174
2023-06-18,7.129797443103228,193.23630323771474,15.038591072575958,76.99950742961323,999.5588552963682,0.09661815161885737
2023-06-19,6.333881601481906,101.66067393178022,18.428449166709406,73.38044674658217,996.9673953318405,0.050830336965890115
2023-06-20,6.096682985655175,81.46906108086607,15.974756713485217,69.24591122001215,1015.4751191657621,0.04073453054043304
2023-06-21,6.173580458312185,87.69018920075032,17.072713897606164,68.23531083169017,1014.5040543817616,0.04384509460037516
2023-06-22,7.247867011061595,210.2883447465814,20.65295346373565,73.01946934301908,1014.0052009450816,0.1051441723732907
2023-06-23,7.841363655539362,311.3189694126303,17.22147567063169,70.9086373881381,1018.8773165247994,0.15565948470631513
2023-06-24,7.710690465936089,286.7848280736052,16.617580979173752,61.245462117637715,1024.9195885611712,0.14339241403680258
2023-06-25,8.502360225267553,457.03506823627754,12.228358335627835,70.25005297540663,1007.0773346917489,0.22851753411813877
2023-06-26,7.2469418669887595,210.1509784063553,18.37595584394116,76.12807234465679,1017.0647747723842,0.10507548920317765
2023-06-27,9.373526519498382,710.3000723989347,17.902579562235257,69.18479755193916,997.2038449259412,0.3551500361994674
2023-06-28,6.7619693499903075,146.0656938342249,22.284537169152593,61.03913155108537,1026.7870974626335,0.07303284691711245
2023-06-29,11.204890508593078,1515.3775085607408,14.69984908868425,75.72556398768066,1000.5516876178184,0.7576887542803704
2023-06-30,8.028783057195453,348.89212647769375,16.108861160731536,64.02727564271949,1005.8991888095957,0.17444606323884687
2023-07-01,5.770164261855998,58.32020389193181,16.02765403353437,65.17241669776078,1007.0229048626691,0.029160101945965907
2023-07-02,5.415163868435375,38.64935726285299,19.839872916925643,63.29412706864592,997.7372900327779,0.019324678631426492
2023-07-03,7.7108068944685675,286.8060929574968,14.649604760858093,66.60430129742996,1013.3257557740856,0.14340304647874838
2023-07-04,6.61750356752076,129.87613968867157,15.600553304858703,75.1350301137727,1015.1390386820149,0.06493806984433578
2023-07-05,7.9893119580515455,340.7410401825402,16.415245613716657,70.38771719007875,1011.1058632901845,0.1703705200912701
2023-07-06,7.593805298202756,265.9623858928734,14.979571676181271,64.09762548301426,997.5975236796892,0.1329811929464367
2023-07-07,6.740377478185174,143.5650634852618,12.90880339220083,77.55660156304081,1032.8338623485172,0.0717825317426309
2023-07-08,5.545146755506611,45.23149631466433,14.65895664174101,77.59163709903058,1018.4923079650165,0.022615748157332163
2023-07-09,4.5088376256733715,9.423885129958363,17.12643756309016,77.41156850092014,1039.3422204364997,0.004711942564979182
2023-07-10,6.077171938222102,79.93882442396867,10.655175933379986,64.77592422763078,1004.9489076011371,0.039969412211984336
2023-07-11,7.9974533446615865,342.411791810436,13.963184788322515,69.02478688361975,1022.5788222817698,0.171205895905218
2023-07-12,6.999991527005319,175.5818746148609,11.293892109232543,79.69979312281751,1020.7927388739416,0.08779093730743046
2023-07-13,4.776333533557948,15.377155663592701,16.80984839490418,75.4402495261998,1010.0942489690264,0.007688577831796351
2023-07-14,6.870908948681449,159.12606939180196,8.486127085172056,60.543348424511194,1027.1105090105923,0.07956303469590098
2023-07-15,7.155424558428897,196.8560079118857,11.210476902363443,61.30409182520984,1008.9458999238623,0.09842800395594285
2023-07-16,5.218098303255261,29.939520197455927,13.851057912978364,69.27862753624666,1009.391085805754,0.014969760098727964
2023-07-17,6.741043057123773,143.6417168878218,17.248849078730426,78.1844041172312,978.2857010806161,0.0718208584439109
2023-07-18,6.564484280646687,124.24890751571941,12.188605231669474,70.77403595905429,1017.0902805374263,0.0621244537578597
2023-07-19,4.729586274456505,14.194796078897141,10.554610025932604,69.95625016068581,999.7449008831759,0.007097398039448571
2023-07-20,6.947757796948823,168.79281932779836,17.69885499045376,62.10947399913261,1007.4927880430449,0.08439640966389918
2023-07-21,7.219462853065345,206.0980918249145,7.5473886163162325,73.13560209448588,1002.7378036125497,0.10304904591245724
2023-07-22,7.970256210518726,336.85174175575406,5.131978858918804,76.44206321200451,1009.3376846068173,0.16842587087787703
2023-07-23,7.893969330059578,321.57790191733073,12.886374610196116,67.60840015015124,1017.4388023021744,0.16078895095866536
2023-07-24,4.214552321887517,4.915312714844104,9.899119196057935,75.51223701850655,1013.1114156304876,0.002457656357422052
2023-07-25,4.842321682752075,17.15532135488138,8.181597761731657,79.28953307801623,1020.0964129050581,0.00857766067744069
2023-07-26,6.989837227690938,174.24808028210214,13.2114909762878,64.07532918255379,1025.6562953558564,0.08712404014105107
2023-07-27,6.956419955659809,169.9063532146607,11.660107287771082,70.46659262389483,1009.3120406332216,0.08495317660733034
2023-07-28,6.927010213493718,166.14549108688487,9.079957527963042,65.74275916169151,1008.2143275798388,0.08307274554344243
2023-07-29,11.902483789957044,1935.691050043321,6.776019573862125,75.85708838067679,1022.57727653662,0.9678455250216604
2023-07-30,6.948929593977062,168.94317022282075,13.08034112452699,71.55186731762315,1023.3704728873993,0.08447158511141038
2023-07-31,7.765418078255635,296.8967827332603,12.260951623799665,72.69164835100608,1020.4059086810305,0.14844839136663016
2023-08-01,7.4628256019618515,243.8553088636122,9.861587192272093,75.95828319231788,1003.4782119326065,0.1219276544318061
2023-08-02,6.978949671581633,172.82549328969122,15.549224961257679,67.9194094532491,1017.226550655016,0.0864127466448456
2023-08-03,5.499294130420862,42.830641102684304,6.65073568792844,78.30180136814087,1014.0947060404729,0.02141532055134215
2023-08-04,7.081291174028043,186.50703046872303,5.137611203666491,70.6605773449228,1023.5252894134966,0.09325351523436151
2023-08-05,4.754551698826779,14.818388467968603,7.49322339352195,63.15909645670696,1007.2712791046225,0.007409194233984302
2023-08-06,5.529835215024408,44.42006279737796,9.288557576605616,73.91798236337605,996.3338970885009,0.02221003139868898
2023-08-07,5.128621335650934,26.460478891893107,10.013351634941023,75.86522700876509,1019.9023680038027,0.013230239445946554
2023-08-08,5.951419729464782,70.5334936301906,8.419334428357502,66.33523354135053,987.4163161674289,0.035266746815095305
2023-08-09,9.272884866970966,677.1804582432436,10.060651274346402,77.14358513997506,1005.6848659610367,0.3385902291216218
2023-08-10,2.972642558512878,0.0,5.113083464431166,78.12286509531532,1002.768044886817,0.0
2023-08-11,6.77593689254511,147.6986919877033,13.064026847136477,65.53808974755617,1002.7006532909426,0.07384934599385165
2023-08-12,3.3008499768068225,0.07470547206154105,8.35316538277879,79.67042945430444,1005.509685290449,3.735273603077052e-05
2023-08-13,4.98578195666199,21.48310980045376,11.820286271495082,62.81423056097517,1025.1737356975163,0.010741554900226881
2023-08-14,7.301248183729095,218.31620535285418,9.367287480523343,64.0403133680498,1021.2055541900637,0.10915810267642709
2023-08-15,5.738779062670723,56.36032187751761,9.582054827598997,63.684496784760526,1010.482693180075,0.028180160938758806
2023-08-16,4.000680360687227,2.749087712067509,9.79578947860254,77.8797942001574,1024.3362347185905,0.0013745438560337545
2023-08-17,4.519689621152022,9.62868900243272,9.306351605261817,73.08585104649924,1002.3770284483362,0.00481434450121636
2023-08-18,6.587805924836686,126.70369946642737,9.77021478677599,63.04208566444546,1001.0171661425284,0.06335184973321369
2023-08-19,4.449047100971447,8.34737596264523,11.710442833133058,68.80646836736697,1021.6359665924659,0.004173687981322615
2023-08-20,5.845903357181114,63.23578457498863,8.19564087314517,72.30596050139604,1018.7964322932264,0.031617892287494315
2023-08-21,5.5666292530578225,46.386530103662764,9.618368738776049,61.66928169978767,1008.3973659841668,0.02319326505183138
2023-08-22,4.498371377812977,9.229132323083254,7.109652413246833,77.64832736814677,1001.6453910630187,0.004614566161541627
2023-08-23,8.669639482846783,499.9986132265192,11.588968390642393,76.07207070883071,1027.5973187503794,0.2499993066132596
2023-08-24,6.383010900111176,106.22155592140811,5.13148492699299,70.10413547153277,995.7989744905218,0.053110777960704056
2023-08-25,2.373291461680391,0.0,12.457848007066456,79.34253230518341,1007.0157406465644,0.0
2023-08-26,5.670029997937451,52.22168604690514,6.831268776983518,68.355219585502,1015.285765275179,0.02611084302345257
2023-08-27,4.3774883345152595,7.170777651431416,2.5585148519850636,79.68220638072995,1031.0216480843144,0.0035853888257157077
2023-08-28,6.629119833247613,131.1313081697995,7.136662399998755,73.35839997607255,1016.8310021207323,0.06556565408489975
2023-08-29,4.142478645305042,4.0911626033953965,4.613143792345821,72.69342546507883,1017.803046530133,0.0020455813016976984
2023-08-30,5.140438819741108,26.903632628248538,9.08464805667346,63.3190979059157,1007.3061629985187,0.013451816314124268
2023-08-31,6.051807474931767,77.97831825870713,4.513760844398233,77.63855516609289,1018.684802252746,0.038989159129353565
2023-09-01,6.5752471584494785,125.3778094610466,5.044521536327139,68.5497937584123,1014.0530932087909,0.0626889047305233
2023-09-02,3.4589675448792008,0.26524572679970543,0.6284385844777338,63.24466811564959,997.1153545958244,0.00013262286339985272
2023-09-03,4.740973157916578,14.477003959330464,4.856706100642769,60.25215039951518,1020.929348534931,0.007238501979665232
2023-09-04,4.514139907092579,9.523585504366979,-1.138848610716801,71.19511367276765,1022.7039338984686,0.00476179275218349
2023-09-05,4.230921677186533,5.116744448952751,1.302869159778333,70.54799244245353,1021.0336504882116,0.0025583722244763756
2023-09-06,7.843983957561278,311.82473062338175,8.260256954131055,74.38707244738318,1013.333279256658,0.15591236531169086
2023-09-07,5.788696125711848,59.49850415358566,8.263518272304571,77.80516106035604,1003.4382311685035,0.02974925207679283
2023-09-08,3.2758567951087407,0.057590855006859135,7.112286318411436,61.58813169286059,989.9081626871514,2.8795427503429566e-05
2023-09-09,6.530477174652757,120.72652260163838,2.8674928409653226,74.62992980680724,1014.5705360540145,0.06036326130081919
2023-09-10,8.323966431582411,414.0076755940331,5.560526611891366,63.74823888195164,1023.8194205974085,0.20700383779701656
2023-09-11,6.677028096156732,136.39338641853442,5.630843409378354,77.16354106314327,1022.9553246908308,0.0681966932092672
2023-09-12,2.837427182870056,0.0,2.1073165914277547,76.38127027723311,1021.1607284339385,0.0
2023-09-13,4.378840312212854,7.191912312648843,10.036152012862606,70.8158750997109,1012.2578902145061,0.0035959561563244217
2023-09-14,6.994828139346232,174.902802545934,8.104393949558503,74.20485597246623,1023.8746417403149,0.08745140127296701
2023-09-15,4.022791090716495,2.9353728725949293,4.758583924234339,66.28700226367496,1022.241618238559,0.0014676864362974647
2023-09-16,5.740425192787045,56.46200828056445,5.454137769822106,69.4233579786563,1008.7736643927844,0.028231004140282224
2023-09-17,6.227617620548543,92.24624582875876,5.953481125865346,76.43273795420943,1019.7659801661584,0.04612312291437938
2023-09-18,3.666813723265375,0.8134222634175787,-0.8391574521103724,69.18530394346428,1007.6404085459071,0.00040671113170878936
2023-09-19,4.960039189753733,20.658402367913855,4.505103971670372,67.15596530650883,1018.4002423161692,0.010329201183956927
2023-09-20,0.18012124241452732,0.0,3.1641585185972856,69.884248945006,1000.0088335569893,0.0
2023-09-21,3.4987152163047175,0.34029872732922034,2.171623361846016,76.56498504874438,1000.7778819132708,0.00017014936366461017
2023-09-22,4.650300264326355,12.330803443615835,4.302461578422611,66.70416094741745,1023.582070469439,0.006165401721807917
2023-09-23,3.151916737064442,0.009618765542255285,10.511017130607147,63.47523186271488,1022.3756012220476,4.809382771127642e-06
2023-09-24,7.467232335574331,244.5783934720996,7.01560548218542,74.24028040661561,1019.3361154057583,0.12228919673604981
2023-09-25,2.8690135059876583,0.0,3.3575908952946483,76.51956425416164,1013.8796882105283,0.0
2023-09-26,4.350356658735871,6.755351294556465,6.769865287975206,62.01274957047067,989.0872556897585,0.0033776756472782324
2023-09-27,5.203320818291691,29.34510590376412,9.234116071570776,64.7974822551189,1012.2512406179351,0.014672552951882061
2023-09-28,7.16649614817894,198.4336958989826,7.796832121637138,62.839439795219874,1017.5418316718984,0.0992168479494913
2023-09-29,2.848759725070046,0.0,5.19165586895655,66.95882823164334,1007.6526675244041,0.0
2023-09-30,6.7458563940484675,144.19687163049898,3.0647434959634205,69.00701957810826,1005.8750580719176,0.07209843581524948
2023-10-01,5.015609674805662,22.465793889813295,7.095970357222178,74.97652673926613,1027.4442038815369,0.011232896944906647
2023-10-02,3.527738179378689,0.4032348048423521,6.1804619360183235,73.02295169763349,1012.3971100860839,0.00020161740242117604
2023-10-03,5.693489271854696,53.61029754480414,7.687249962382146,72.41857134956862,1017.5479516964238,0.02680514877240207
2023-10-04,5.299848241652212,33.37336558004999,6.91180889650594,67.0474989321931,1020.7413146161937,0.016686682790024995
2023-10-05,4.102449480093862,3.676025863598057,8.162532125118272,76.8289510616952,1002.9856292349492,0.0018380129317990285
2023-10-06,5.109585031927306,25.756898907752362,3.4187038875296833,69.42574334796329,1014.9320742271419,0.012878449453876182
2023-10-07,4.429609005302701,8.01593695641263,8.99007919987968,79.5820987603031,1026.196444944773,0.0040079684782063155
2023-10-08,5.181142503935605,28.467844843247512,5.647131244370861,72.68284276591474,1031.1922318329973,0.014233922421623756
2023-10-09,6.007938199912551,74.6636461811395,11.299493558530703,62.525294831290054,1013.399363972147,0.037331823090569746
2023-10-10,7.398230584147516,233.41913209529892,3.0284633453787384,73.52355124150868,1010.6205645265293,0.11670956604764945
2023-10-11,3.167531432489641,0.012900049396060964,10.329164813145319,66.50208030863398,1015.6902406813754,6.450024698030482e-06
2023-10-12,8.229438718341397,392.34461975175986,5.74317563217293,73.72654393372196,1015.4363704702752,0.19617230987587994
2023-10-13,2.1079739203429555,0.0,3.2262740872901943,61.392822963248115,1026.8675806613114,0.0
2023-10-14,4.815226088286219,16.409473279538314,3.762861152035004,63.497628743519186,1003.0360831083293,0.008204736639769157
2023-10-15,5.932756788052039,69.20390692220441,4.290362967042914,77.11474517811573,1010.2012691383397,0.0346019534611022
2023-10-16,5.479722980639782,41.832321622230566,6.563673734391914,64.5435911404703,1001.8285867312349,0.020916160811115282
2023-10-17,4.132714699468915,3.9871637919966334,6.902326360105526,76.7408225048588,1002.8790511420242,0.0019935818959983167
2023-10-18,4.763681479467797,15.050915949715682,3.65822426320281,65.5855217690882,1016.7657401513912,0.007525457974857841
2023-10-19,4.346033711365126,6.690680293135228,5.354611789983931,72.85763820117415,1021.0985784163703,0.003345340146567614
2023-10-20,4.211724757247462,4.881062976317332,11.905670539154489,73.88301147019662,1006.5060830625625,0.002440531488158666
2023-10-21,6.380975309238764,106.0299276131215,10.715490328838271,70.25309506290105,1020.7209478897529,0.05301496380656075
2023-10-22,5.6534559594573315,51.255222000569255,6.898634661570899,66.10621353393462,1024.1157865713196,0.025627611000284628
2023-10-23,4.090485838405904,3.5576445700747006,5.7632615909890275,64.25288752742192,1032.347059984334,0.0017788222850373503
2023-10-24,6.491720952638262,116.79414030055774,6.071699677596716,60.66378709124852,1013.6974684884104,0.05839707015027887
2023-10-25,5.616291046056805,49.131568843519,7.6172627419007055,66.07892802481447,1006.6023547255587,0.0245657844217595
2023-10-26,6.3882014323033465,106.71123164083168,2.776163574629315,73.06325581062566,1002.975280683941,0.05335561582041584
2023-10-27,6.127459855740401,83.92236201131716,5.1429533520048825,78.76609636896966,1001.9820680208011,0.04196118100565858
2023-10-28,3.9541700899045775,2.383306313950649,0.9825608098056637,77.42408964526103,1025.497807014036,0.0011916531569753246
2023-10-29,4.3725704000565555,7.094247800197479,7.261879169575884,75.32129553070605,997.8490465704435,0.0035471239000987396
2023-10-30,6.349490570917766,103.09527134265424,8.084338635272585,75.76894686506597,1025.177484856512,0.05154763567132712
2023-10-31,6.160337964770519,86.59704094892575,4.774353446203485,73.2996980695199,1004.3155897074785,0.04329852047446288
2023-11-01,5.2301819761388195,30.43150087508832,11.029632125295306,65.20573715132006,1006.1479380214059,0.01521575043754416
2023-11-02,5.454791682462937,40.583210122338805,2.7167060484917958,78.1439006141166,1011.4844454499002,0.020291605061169404
2023-11-03,7.2130735221888,205.16325537091024,2.089756251901351,73.41464623811669,1005.9634545043349,0.10258162768545512
2023-11-04,4.427498736773049,7.9804919737612865,7.2476345558138835,71.2088126196088,1022.3197975495957,0.003990245986880643
2023-11-05,6.1542801945767,86.10002440355392,9.809465521944679,62.219789384269625,1031.1334395198278,0.04305001220177696
2023-11-06,5.049616551437957,23.622199112343985,11.8163107248176,68.9411108761285,1006.4256784244686,0.011811099556171992
2023-11-07,5.046142534267972,23.502286572405286,5.486668906937189,69.20716542403852,1008.6776216083538,0.011751143286202644
2023-11-08,7.041069980912962,181.04710364423843,10.20056601495477,77.2912721904534,1011.366791927161,0.09052355182211921
2023-11-09,6.6517451555916765,133.59919851960314,6.952577752046035,70.93296440375576,1018.4105676349263,0.06679959925980157
2023-11-10,6.6550704504653915,133.9644989794454,6.6561480824997075,67.60801097940819,1011.4651572104415,0.0669822494897227
2023-11-11,7.414672737637925,236.0467423284673,9.93325244699218,79.53600657021319,1026.8725741105259,0.11802337116423366
2023-11-12,5.510065579736318,43.38680523751684,9.349767721676155,62.21441186652631,1024.4662391656193,0.02169340261875842
2023-11-13,6.524044783238056,120.06784712575751,2.7764001605252995,68.45096856623888,1001.145376464049,0.060033923562878753
2023-11-14,5.0587142445035385,23.938155057265718,12.0501929461463,60.84049350342811,1018.2096816557483,0.01196907752863286
2023-11-15,6.033799699524354,76.60606934922131,11.878024916400811,74.79808241533861,1028.203392373095,0.03830303467461066
2023-11-16,5.376201183910267,36.80883660073941,5.980390722780379,78.361531043983,1008.0521905423311,0.018404418300369707
2023-11-17,5.741198048679681,56.50979207368439,9.165931106265248,65.6007465910098,1010.0573512820645,0.028254896036842194
2023-11-18,6.513143528824193,118.95703938145148,9.584130512192331,77.16683353598242,1007.7196300214705,0.05947851969072574
2023-11-19,4.418189098767893,7.825370261771407,9.009621915562231,65.84436460923796,1007.929243844765,0.003912685130885703
2023-11-20,8.80961398248248,537.9529554441949,6.704249883235188,78.2154032328783,996.3154844808895,0.26897647772209743
2023-11-21,4.187913204736843,4.598927859881454,6.469826281117824,75.07923807193568,999.7168504853495,0.0022994639299407267
2023-11-22,3.901948162469073,2.0130158836864087,8.539493195279022,76.09813553682878,1013.7747371873724,0.0010065079418432044
2023-11-23,7.487067013029227,247.85069113135287,12.267690571673718,60.36013111200909,1028.1359797465277,0.12392534556567644
2023-11-24,6.964434289346194,170.94096004976223,10.515501705792245,79.25620714148052,1006.8663918748172,0.08547048002488111
2023-11-25,6.740521442660322,143.5816412755934,7.90986558915213,74.53341984140647,1006.5724269705145,0.0717908206377967
2023-11-26,6.77461526418102,147.54365671782494,11.475581133368035,66.09502190772267,1030.0152107042074,0.07377182835891247
2023-11-27,5.841827725504103,62.964492664826786,0.7553615619821503,76.58789329717695,1001.9174253818401,0.031482246332413394
2023-11-28,4.542754497819155,10.073790878232812,12.88947737635582,65.6304239682986,996.3875683729358,0.005036895439116406
2023-11-29,6.031109933083355,76.40249315155276,4.367874142629529,77.45507679132255,1004.714845638625,0.03820124657577638
2023-11-30,4.930747927110724,19.746003018928484,8.645129647685062,62.25160780823874,1006.3721552120563,0.009873001509464243
2023-12-01,7.438569243503698,239.9006726479264,6.5204385330069226,74.07371954921592,995.5254691530494,0.1199503363239632
2023-12-02,5.785005770852917,59.26260879390737,6.143914788367905,70.8139695328982,1011.7195829372539,0.029631304396953686
2023-12-03,4.797342509018527,15.929238148387128,13.660421883172031,61.930689403908815,1022.4844634986154,0.007964619074193564
2023-12-04,5.5837913877656495,47.323276528498155,8.926247147290022,64.83787656517678,1000.1404522628518,0.023661638264249076
2023-12-05,6.715825601747668,140.756492232203,11.521653746863308,60.248080725546295,1013.8757821895359,0.0703782461161015
2023-12-06,5.281667242584852,32.58812619842777,10.495508622316523,69.37535930929012,1016.9593567562678,0.016294063099213888
2023-12-07,4.925007389459042,19.57039855420528,12.222812395712808,66.0253052152,1012.166157247257,0.009785199277102639
2023-12-08,6.555201772396355,123.28073888332264,11.178820448973203,71.96714968595518,1014.8569258974106,0.06164036944166132
2023-12-09,6.588693573572681,126.79776492772035,7.257241911982277,65.94475615417234,1014.9732726259521,0.06339888246386018
2023-12-10,5.4926321621171645,42.48905288750756,14.254035084210713,65.9983822301397,1004.8727204308157,0.02124452644375378
2023-12-11,5.578513710442793,47.03387950998457,9.94408609486745,74.86386397463207,1027.9858257201188,0.023516939754992285
2023-12-12,6.665381877546382,135.10149416690797,6.916789161570385,60.96285671956707,1025.4775683407622,0.06755074708345399
2023-12-13,4.177618281754196,4.480392740665887,10.464378487103168,78.05789990383974,1024.8991139724117,0.0022401963703329434
2023-12-14,4.27117937590266,5.635377084374427,16.414154559240394,77.04527748782363,1023.1367574054386,0.002817688542187213
2023-12-15,5.337521714219191,35.040430167504276,14.626605456829706,73.35609366452813,997.2502053056697,0.01752021508375214
2023-12-16,6.128003382426309,83.96612465564043,11.194914146746818,71.86443140214769,1022.2606237781197,0.04198306232782022
2023-12-17,6.947684816446196,168.78345829981663,11.358844227290657,77.84604996279305,1019.556014275495,0.08439172914990832
2023-12-18,8.727660636259138,515.5066852517969,11.608226400521897,63.70660359057429,997.6347638505622,0.25775334262589844
2023-12-19,7.83456221830699,310.00873330980806,18.970607868202332,61.57938324381657,1010.8508964484993,0.15500436665490402
2023-12-20,6.341745193762147,102.38172996938565,14.054071300231097,64.79020339819076,1015.7679344932529,0.05119086498469282
2023-12-21,6.586832677667777,126.60061649182478,14.366909889182262,75.8915655740038,1029.6431709812464,0.06330030824591239
2023-12-22,5.14538076543473,27.09041232337283,16.33672442405274,60.693405334529665,1020.2472385789426,0.013545206161686415
2023-12-23,6.6553267460897425,133.99268195675123,14.131849727471177,71.6561367016698,1004.3543427272169,0.06699634097837562
2023-12-24,6.2841239062439085,97.17645902306633,12.808432885658469,79.9087503238262,1029.9538845845195,0.04858822951153317
2023-12-25,7.2352888308275345,208.42584272305282,13.167005404347066,77.1139218767508,1013.4377976271389,0.1042129213615264
2023-12-26,5.54453732135879,45.19901211511332,13.712114905194182,70.4289137808718,1010.4415886309691,0.02259950605755666
2023-12-27,7.598639762821068,266.8029565836712,13.986433247767025,61.272818185732845,1009.7288180341119,0.1334014782918356
2023-12-28,9.153017993081772,639.0973585879341,16.452436748800466,76.6274702877142,996.7644476197687,0.319548679293967
2023-12-29,6.725102263503968,141.81333375024414,14.597050088368167,71.97957016354421,1011.9023049618386,0.07090666687512207
2023-12-30,7.525176002795358,254.21951947113337,16.81096232988147,62.29865994119134,1017.9748525730565,0.12710975973556668
2023-12-31,7.992213242085041,341.3358084724866,14.542836532266115,61.877145696467124,1009.1461667247478,0.17066790423624328
2024-01-01,6.389568106765282,106.84041376191871,15.192899643918453,78.19253638873185,1017.2045247724756,0.05342020688095936
2024-01-02,7.361941642614465,227.68898454578425,9.134412545897874,73.38400525876156,1004.3560892908582,0.11384449227289213
2024-01-03,7.07908799087721,186.20514999727527,18.04997997263003,76.58573598633511,1011.5907208572238,0.09310257499863764
2024-01-04,7.241092193365512,209.28379758891825,16.5123556554053,77.57957800564535,1016.1654032660863,0.10464189879445912
2024-01-05,5.969414038431524,71.83146758260013,18.638673900652577,71.43544704096644,1014.8966087706342,0.035915733791300065
2024-01-06,7.200006492194795,203.26020183121986,7.127440019450837,70.34892703510083,996.9453491028096,0.10163010091560994
2024-01-07,7.944502878559723,331.64264450487036,22.25265132279992,68.60854820641981,1008.6099404912877,0.16582132225243518
2024-01-08,9.40842661923152,722.0324469723728,15.739787153229262,66.33893175582239,1029.774629303126,0.3610162234861864
2024-01-09,8.704754645439992,509.3465623382536,19.653790481773463,68.69191921717423,1008.0755392566948,0.2546732811691268
2024-01-10,10.529680622532226,1171.2028870633862,13.379816899947862,75.47759311460312,1013.1580754411184,0.5856014435316931
2024-01-11,6.182855374598043,88.46127263298098,18.5077053098383,72.03846862030264,1012.1324424945105,0.04423063631649049
2024-01-12,8.676228657183671,501.7439138417048,13.67849182099231,77.85046579909692,1028.6823975891966,0.2508719569208524
2024-01-13,7.676522871421175,280.5896552113758,15.13624243198082,68.86760028758376,1025.9036812219467,0.14029482760568793
2024-01-14,10.719857610123071,1262.2062821482573,22.917860113083176,72.14179157437508,1021.0753099981881,0.6311031410741287
2024-01-15,6.256220360910881,94.72046689361704,16.771291742427998,72.62615106183978,1003.2675768662747,0.04736023344680852
2024-01-16,6.242460917980601,93.52478485087327,18.162517025797996,71.83394324612651,1016.5918304919207,0.04676239242543664
2024-01-17,6.6361820425915,131.89833716748976,20.286558245853925,74.05267546171032,1018.6794174307513,0.06594916858374487
2024-01-18,4.382496358494826,7.249273005720727,19.328745388715497,64.74866936749612,1006.0139516440395,0.0036246365028603632
2024-01-19,6.812608165706973,152.04389561947374,18.4574602065713,70.24727555091582,1004.2948289415231,0.07602194780973687
2024-01-20,6.495264542370508,117.15008857008152,19.264700680903953,62.084496056166955,1030.0501414720702,0.05857504428504076
2024-01-21,7.892089450878899,321.2074692196573,25.542740611537766,67.69022655289625,1009.9919668778307,0.16060373460982866
2024-01-22,8.211470743584535,388.3142958711254,18.321327508493223,69.75334137242528,1029.1497681891115,0.1941571479355627
2024-01-23,10.545224250450453,1178.4710630899413,19.25813709827802,73.04448519090946,1022.9709375549453,0.5892355315449707
2024-01-24,9.188518655424659,650.2233791653464,21.966377678750757,79.01062105172407,1017.0787678237532,0.32511168958267317
2024-01-25,6.929216571847775,166.42569088433675,22.289438075580843,72.01302133096712,1017.5253143635948,0.08321284544216838
2024-01-26,6.478404078860025,115.46292690294021,22.69122134609395,74.87187832353119,998.9958043966923,0.05773146345147011
2024-01-27,8.595114439275212,480.5398280510847,21.202369076164818,70.12532118990406,1015.0677477983442,0.24026991402554237
2024-01-28,5.907841797787473,67.4551002370231,16.011943303400724,72.68208062752663,1027.1702041298163,0.03372755011851155
2024-01-29,10.666072853216424,1236.00803466253,24.494718119077746,61.41864432267547,1019.8133950318561,0.618004017331265
2024-01-30,9.718466068865801,831.9799336202045,16.307493259863286,65.08783161683694,1014.5433668706441,0.41598996681010225
2024-01-31,7.2756826780907335,214.44645256172092,20.805137176956055,67.23706186410277,1030.1193719581704,0.10722322628086046
2024-02-01,5.439594797199989,39.83415076990064,17.783655404123454,69.44986710013028,1011.149592773392,0.01991707538495032
2024-02-02,10.069656919573688,969.3876515063426,20.001826751848863,60.91297491004767,1006.8044432497832,0.4846938257531713
2024-02-03,7.8962829459932165,322.0341938297529,21.32675080027116,62.80048195106635,1014.5383191607825,0.16101709691487645
2024-02-04,9.953745471560914,922.4839903104928,21.449176664354425,65.53628615582612,1020.6646736811159,0.4612419951552464
2024-02-05,5.733983178973412,56.06476188508226,21.893885598530677,79.43065381802101,995.8220590419174,0.02803238094254113
2024-02-06,7.254832705849972,211.32454084484982,25.6106100085791,66.62694014206102,1015.8486864349042,0.10566227042242492
2024-02-07,8.189689906807589,383.4658501877272,22.269724690693504,69.64082116224165,1021.1034501553631,0.1917329250938636
2024-02-08,8.279874643986076,403.8064967726041,20.314548860822867,63.92195425476786,1010.3035837470314,0.20190324838630203
2024-02-09,7.5615270602007,260.3953556683037,24.075387841962897,72.21560142151537,1024.0696476630264,0.13019767783415184
2024-02-10,9.197755742709399,653.1393303714483,24.88581568771467,65.61366431031948,1019.4118666241108,0.32656966518572417
2024-02-11,6.688531892573597,137.67753954418956,17.76698923782647,64.13985156876853,1034.4138311851107,0.06883876977209478
2024-02-12,8.102493280906792,364.45993370737034,23.372512751743233,70.33145256891959,1005.4939710241879,0.18222996685368517
2024-02-13,8.522216483728164,462.0008252516625,23.812383407734277,60.110115983208416,1021.3070985049609,0.23100041262583124
2024-02-14,9.138744762741574,634.660102039259,20.942742048187274,60.153280652984506,1002.826760922026,0.31733005101962947
2024-02-15,9.459417761386813,739.4053479367005,26.087097661202243,64.38137618203716,996.8463354872327,0.36970267396835027
2024-02-16,6.729529325249693,142.31954492913204,21.632295553934906,60.734427250016424,992.6446915718212,0.07115977246456602
2024-02-17,6.139399062747108,84.88716707481515,22.579580954667332,62.16051508261383,1018.3832402239692,0.04244358353740758
2024-02-18,10.380737119608455,1103.0664591541122,21.801893960951848,66.77721298677503,1014.842479139441,0.5515332295770561
2024-02-19,8.98591118582687,588.4279236682406,22.483937982031808,76.05171359159625,1008.2094894263824,0.2942139618341203
2024-02-20,7.387488486643163,231.713019607313,19.26226619670436,71.44097286738602,995.2649566605039,0.1158565098036565
2024-02-21,10.859277480492764,1331.8347254067137,18.342594938262017,70.25335451912832,1006.0961337386133,0.6659173627033569
2024-02-22,8.72793918832076,515.581900479777,27.55565137408228,65.86977646416243,1013.0409300767545,0.2577909502398885
2024-02-23,10.344790752621984,1087.0280480485549,20.338340837676245,78.63507438865634,1020.931693667931,0.5435140240242774
2024-02-24,8.698074120404716,507.5592535879654,20.00980494307884,67.94030082474383,1012.8346424975238,0.2537796267939827
2024-02-25,11.708397189631606,1811.8287814147432,16.626206170731983,61.74185533591543,1015.5206034270528,0.9059143907073716
2024-02-26,11.270286892211093,1551.901643931347,21.26949289966292,72.34133032235603,1009.2386761902586,0.7759508219656736
2024-02-27,8.283345235865616,404.6033162338947,19.31468791269864,62.27676786953203,1030.4922420252715,0.20230165811694736
2024-02-28,10.133173443805894,995.7511566020708,28.30513056728092,66.90446285603385,1002.8175035567177,0.49787557830103535
2024-02-29,9.662410599325476,811.328348027143,26.50118464276667,70.14823877435617,1006.0076178271487,0.40566417401357147
2024-03-01,10.765322284379133,1284.6384668644218,21.497423704869885,77.48445049370352,1008.0764192600649,0.6423192334322109
2024-03-02,7.282511311046712,215.4755626734822,30.406789925617268,69.87093160680237,1018.4270439797673,0.1077377813367411
2024-03-03,9.775983341544508,853.53130865259,26.67982721870903,74.04517532063329,1002.6114021021313,0.42676565432629504
2024-03-04,10.35103559381595,1089.8031131673529,22.84250016718198,79.8563367799814,1014.35718590548,0.5449015565836764
2024-03-05,6.141260527807538,85.0382547863935,16.398631642590324,62.62978239795963,1014.6491014342656,0.04251912739319675
2024-03-06,7.019926338205651,178.22012854116238,30.846898253793793,65.4946305103904,1006.0564202926662,0.08911006427058119
2024-03-07,5.750879075956163,57.11063213120635,19.879919312690788,67.89152151195293,1016.2997946095686,0.028555316065603176
2024-03-08,8.419994798885092,436.8165421957309,19.184329011888966,68.43656357077663,1002.9218610126256,0.21840827109786545
2024-03-09,9.914256360169999,906.8571905826267,27.2574261784092,68.22042150531091,1001.8292585753825,0.45342859529131335
2024-03-10,11.104772603647827,1460.5787247844407,31.57544234653674,78.1522200511311,1013.9960575652144,0.7302893623922204
2024-03-11,8.97512543434179,585.2528639512342,28.472734774092192,74.28065288933713,996.4024441452194,0.2926264319756171
2024-03-12,11.319101237641068,1579.543881203738,26.072616956577725,72.15810428181408,991.5519729744976,0.7897719406018691
2024-03-13,6.817665196302679,152.64970998860653,26.22334994312094,66.18745435725565,1018.328333007968,0.07632485499430326
2024-03-14,6.343824553397294,102.57296621182483,27.05473773849106,76.47580768442589,1023.4896994259117,0.05128648310591242
2024-03-15,8.826095578358716,542.5443966440598,26.82387140287852,79.10121022969977,1008.3319688130747,0.2712721983220299
2024-03-16,9.495469187138866,751.8549236708164,25.440429340557653,76.42396565100452,1006.3192934790223,0.3759274618354082
2024-03-17,8.87971480585235,557.6622556519152,24.95638795182308,60.03130210382946,1023.0553522597456,0.2788311278259576
2024-03-18,5.836408941991554,62.604997839823746,24.50008107655827,72.72802740366814,1001.5446178200108,0.031302498919911874
2024-03-19,8.812133838085487,538.6532524787843,22.46717572017332,61.022707628842014,999.3662737527884,0.2693266262393922
2024-03-20,6.996775654263329,175.1587273744399,23.925374294502728,65.15214440667444,1020.0763642370849,0.08757936368721995
2024-03-21,9.965076669799242,927.000933567824,19.723968790184763,61.19049400695543,1013.090381865123,0.463500466783912
2024-03-22,9.516972993664732,759.3469120593948,24.54035924221305,72.07590905898775,1023.6487673929024,0.3796734560296974
2024-03-23,7.563181633669203,260.67881307436033,21.899233244348427,73.73179826985213,991.5973412122202,0.13033940653718018
2024-03-24,8.20754278296487,387.43692324557975,21.58094784320223,62.289752761318105,998.9932600888144,0.19371846162278988
2024-03-25,7.394279298376935,232.79059931783658,25.45518035951225,67.67677766089959,1013.1433205984416,0.11639529965891829
2024-03-26,8.893250526469973,561.5225198964041,29.112352720932456,69.12473017911084,1017.1767369848378,0.28076125994820206
2024-03-27,10.423564179380765,1122.379872371398,27.709203311151473,67.38106043521833,1021.4699708768945,0.561189936185699
2024-03-28,7.515254030623335,252.55096615455986,20.257713689763722,62.42050000970386,1014.7481776880878,0.12627548307727993
2024-03-29,9.752315264649983,844.6185220805926,22.012343047155067,68.3789558037495,1014.6465515535857,0.4223092610402963
2024-03-30,8.20267073390372,386.35051090618686,27.812599371276555,75.02356095616837,1009.105984569698,0.19317525545309341
2024-03-31,7.809968325898306,305.30162570349586,22.04892569084418,61.42015329066511,1028.9090490490453,0.15265081285174792
2024-04-01,8.839360828789909,546.2587467887192,24.325632393617656,61.603600281638066,1001.969765445295,0.2731293733943596
2024-04-02,7.4470798750527045,241.28329626742075,26.649873090482487,67.09542583671968,1016.5902015255593,0.12064164813371038
2024-04-03,8.168914575205184,378.87899763892045,22.091909301538884,78.8345142323785,1003.1219116541198,0.18943949881946023
2024-04-04,7.201425217652827,203.4662499719453,25.307336801118378,73.37145293445828,1018.3477854580501,0.10173312498597264
2024-04-05,11.943591967247674,1962.629846213078,20.980444854610827,73.57339913345129,1002.6298243061224,0.981314923106539
2024-04-06,9.047071009434141,606.6492607733959,23.1667754755291,67.2383998167573,1020.4381569850045,0.30332463038669794
2024-04-07,7.94166872442378,331.07268566001045,25.915630734490904,71.87321582417077,1014.1210494682451,0.16553634283000523
2024-04-08,9.308718912471578,688.8521216409141,20.159764031256216,60.202623680554865,1030.4463917325868,0.34442606082045707
2024-04-09,8.81516082486896,539.4952903460263,26.239688710907213,72.72192092819084,1010.1898035272842,0.26974764517301314
2024-04-10,8.647515358333486,494.168125387497,24.835935391386563,78.26573895152474,1017.2496611624755,0.2470840626937485
2024-04-11,9.894951056936732,899.2822689008668,26.52597489760941,72.25146936689639,1005.2034371953929,0.4496411344504334
2024-04-12,10.104109771299095,983.6293019058052,25.510983433334665,77.4739718693269,1010.121069935587,0.49181465095290255
2024-04-13,8.16566136622503,378.16407174118456,28.89948672812565,74.47946110932187,1014.0574947944435,0.18908203587059227
2024-04-14,8.090670194397754,361.9323079544904,25.1476612847676,62.411168328073806,997.7278007752863,0.1809661539772452
2024-04-15,8.534226139681396,465.02164840078314,23.44580180366855,78.04906614571684,998.8237606581523,0.23251082420039157
2024-04-16,5.485751977817999,42.13818720897746,25.060061133703726,61.3288768871155,1018.9985929983565,0.02106909360448873
2024-04-17,6.65710349822724,134.1881672356951,26.279344544734506,70.67934945095527,1011.5391317846831,0.06709408361784755
2024-04-18,10.97088677376852,1389.3843012520374,24.749457073985774,62.84274247586915,1007.0707346695198,0.6946921506260187
2024-04-19,11.378143894778482,1613.4143401304093,24.675236696244436,60.23413221461808,1005.6301381958324,0.8067071700652046
2024-04-20,8.526689812517905,463.12448068286824,22.395244295842094,68.44068520255279,1006.015112042763,0.2315622403414341
2024-04-21,9.75406855102837,845.2766264374862,22.45746277957076,65.90081415308313,1014.1255071500823,0.4226383132187431
2024-04-22,9.344538518381238,700.652349186874,20.180500617430592,69.72000987595206,1017.4503586411619,0.35032617459343696
2024-04-23,13.483859048594812,2000.0,29.576419409120604,71.54399773469102,992.0789277037478,1.0
2024-04-24,10.53222270975058,1172.389513156049,20.532712006819708,60.87478144617895,1027.1283405676988,0.5861947565780244
2024-04-25,8.647758170879289,494.23186777966583,22.119457197114478,62.46006590247491,1026.41700762942,0.2471159338898329
2024-04-26,7.392553735238912,232.51646756746604,21.974100183990156,71.17284792900851,989.693452364531,0.11625823378373303
2024-04-27,6.401884451142148,108.00929765183535,26.742542788475863,66.86334706345316,1023.8592669632279,0.05400464882591768
2024-04-28,9.101902852764862,623.3017331208825,23.098687959944055,74.58346975098897,1023.5521885133104,0.3116508665604413
2024-04-29,7.6468030738474955,275.27404920117266,27.649872176890955,73.04583297183879,1013.0044549418755,0.13763702460058633
2024-04-30,6.632043296220688,131.44846475950453,21.80664743035439,76.91208725979814,1000.0283137811513,0.06572423237975226
2024-05-01,7.7791367857733595,299.46829490490876,24.581963047357153,73.84985653338451,1023.1522809166507,0.1497341474524544
2024-05-02,7.109728802147286,190.43289054344802,21.154212878065117,68.59862154780296,1010.5876893370265,0.09521644527172402
2024-05-03,11.245305413909476,1537.8809178816346,30.008412189823304,73.45933244788864,1018.4887884381895,0.7689404589408173
2024-05-04,10.019087374814157,948.7338873447657,19.92034343986137,65.50762348510837,1035.1920127196179,0.47436694367238286
2024-05-05,8.666201496060209,499.089589043337,24.32026442085676,66.12626997556426,1015.5183675062361,0.2495447945216685
2024-05-06,10.879112790336787,1341.944083270728,25.19731355280504,75.77970319841586,1003.8311530828144,0.6709720416353641
2024-05-07,8.75579418447727,523.1403703546288,24.44010590738371,68.92839032803164,1009.6426900508028,0.2615701851773144
2024-05-08,7.327875336060796,222.39585814715156,22.54314521363283,75.96760681036704,1005.1055463975902,0.11119792907357579
2024-05-09,10.884068343640223,1344.477715815927,22.60744903947841,76.44844747336558,1017.3348971744853,0.6722388579079636
2024-05-10,9.386854600012501,714.7654561524687,23.023882088364893,77.15124675322568,1004.939324412502,0.35738272807623434
2024-05-11,7.001260509296894,175.74903570605747,22.344642699047427,78.33270471682414,1008.2714857765036,0.08787451785302873
2024-05-12,8.249801150220122,396.9456330084854,25.568183187112403,68.61970441026592,1000.155696255924,0.1984728165042427
2024-05-13,7.199606891143991,203.20219101897084,29.196740360879684,66.37733636642278,1011.6791299448086,0.10160109550948541
2024-05-14,6.416112047466977,109.37014510058091,20.779082864543902,71.64397493188227,1014.7675479330205,0.05468507255029045
2024-05-15,9.856414330711056,884.2877916709135,18.22633110833074,67.42344846875255,986.1521195288251,0.44214389583545677
2024-05-16,11.307675182918777,1573.0444371081871,21.95290496601414,72.02148333600466,1015.5957356148023,0.7865222185540935
2024-05-17,6.321673904549611,100.5480034257867,29.836754339354563,74.11171725287649,1012.5429976890322,0.050274001712893354
2024-05-18,9.239534103014961,666.4367773166751,19.56437753598633,73.76810036984274,1005.3500805124387,0.3332183886583376
2024-05-19,7.394258550307086,232.78730189465406,26.768462436281336,67.49105774040243,1033.2862892426988,0.11639365094732704
2024-05-20,7.614271013499406,269.53288717861693,26.757897887961573,63.337204033975055,1022.5847652760475,0.13476644358930848
2024-05-21,7.430706892911977,238.62807064323442,19.935724171227427,68.61058676924415,1002.035975138486,0.11931403532161722
2024-05-22,6.997259913436045,175.22240307613143,23.173179577334672,62.851882881638176,1021.3823687957114,0.08761120153806572
2024-05-23,8.339594106240657,417.66415288606936,26.2192481910027,77.80194070367617,1025.4449807602107,0.20883207644303467
2024-05-24,6.993577216121999,174.73854906648887,20.06262873073031,66.91754921475714,1014.3202092261756,0.08736927453324443
2024-05-25,8.61851141916631,486.5934638103368,20.45338982217568,63.08919494446648,1016.6144203694732,0.2432967319051684
2024-05-26,8.109933911301539,366.05666371151585,19.181412635530293,60.50895519811502,1016.3834666692159,0.18302833185575793
2024-05-27,7.798983153455588,303.21462401938584,17.74275592669741,72.91644772572968,992.1418414107671,0.1516073120096929
2024-05-28,6.767831384146193,146.7495726165564,18.698051750844925,72.73804634909487,1011.131304031496,0.0733747863082782
2024-05-29,7.235457393204807,208.4507294464068,16.831251144999758,66.81208333162583,1010.6108715801597,0.1042253647232034
2024-05-30,9.204813050139752,655.3730368477729,20.46088146178326,61.43423777695302,1027.3015563655988,0.32768651842388646
2024-05-31,8.793896674153128,533.5986290490657,17.90268477040686,68.19257789790464,1016.3372786356188,0.26679931452453287
2024-06-01,6.546674208129464,122.39575551594974,20.7663931120087,66.22434990126787,1010.023890378833,0.061197877757974875
2024-06-02,8.132191950990562,370.86097947641275,15.248280525622729,73.54241279470018,1012.0987525900899,0.1854304897382064
2024-06-03,9.080169652651238,616.6653686372814,20.758085534611148,72.11558498905381,1023.2338558162741,0.3083326843186407
2024-06-04,5.418594486299098,38.8142896784987,22.114098924732552,67.2918745639508,1011.1541533675469,0.019407144839249352
2024-06-05,8.707083094451278,509.9705006376084,13.479007101692508,64.3578510850998,1006.0180446690839,0.2549852503188042
2024-06-06,6.867183595544978,158.6670838027133,20.427765879361456,79.76071932311183,1010.2429780707913,0.07933354190135665
2024-06-07,8.68583884590045,504.2966767482696,22.832711192473433,69.08003242392229,1022.4069614382269,0.2521483383741348
2024-06-08,6.653628124395992,133.8059705008051,15.363661239975219,73.76548471560474,1017.9616490559794,0.06690298525040256
2024-06-09,5.059533430426503,23.966742225730737,23.85200006762952,62.811059351567216,1013.4426797334911,0.01198337111286537
2024-06-10,5.29365572161207,33.10450965903483,19.931903920282203,69.71179399318795,1014.9153929944483,0.016552254829517415
2024-06-11,7.774992106178822,298.68983380994007,16.39928786365852,60.55073439738931,1007.4025752640451,0.14934491690497004
2024-06-12,8.060135757550256,355.4585567237663,18.18545279186705,70.109102358209,1011.0605059955734,0.17772927836188315
2024-06-13,6.2815659589662936,96.94956864907395,19.865185220679702,79.28034814235404,1006.3669567822549,0.048474784324536974
2024-06-14,8.56322966987744,472.37122685064435,18.254721082794127,67.684134259716,1010.0522071570026,0.23618561342532218
2024-06-15,5.080181843260922,24.69484879669705,19.478577660660914,60.77992025149823,1026.4617826362662,0.012347424398348524
2024-06-16,7.440293792949281,240.18041234509369,14.935046675363179,60.619115818386874,1002.2212818862281,0.12009020617254684
2024-06-17,5.689681124402176,53.38323065404177,18.039109592337542,67.75973519893739,1006.1128233357708,0.026691615327020884
2024-06-18,6.4950934011391865,117.1328810925107,13.123094323497192,63.200498729263884,1000.4570113706425,0.05856644054625535
2024-06-19,7.510447785412384,251.74534352047579,16.863070708142715,60.46704192656372,998.290912428124,0.1258726717602379
2024-06-20,6.115101935439274,82.9314493267809,14.316886992431645,75.12427227900353,1011.1322808580471,0.041465724663390456
2024-06-21,6.795140812285584,149.96370108893703,14.65328081538231,69.1704601776378,1006.8239081819921,0.07498185054446851
2024-06-22,8.847555414587955,548.5617294687574,20.398860529462784,65.7848954394531,1030.6168893079218,0.27428086473437874
2024-06-23,6.43882041459397,111.56576716666268,19.794721456176273,78.00166366032961,1010.1715345382221,0.05578288358333134
2024-06-24,8.523648399778404,462.3603102265615,18.177965521124985,62.322779204010516,1025.8939686343003,0.23118015511328077
2024-06-25,5.541422032533048,45.033203202006476,12.90297327857964,79.11837657910638,1022.6800647494064,0.022516601601003237
2024-06-26,7.996490833267731,342.21398399350994,15.059697482889627,66.27933434754706,1010.9104584477599,0.17110699199675497
2024-06-27,9.329880037957388,695.8071797860456,19.476928634790234,77.76807344617362,1034.1013558208563,0.3479035898930228
2024-06-28,3.4257533233891313,0.2117271772196368,16.091251108820043,72.05885752958923,1015.6853398646481,0.0001058635886098184
2024-06-29,5.903530735020802,67.1555252224155,22.45235671107767,76.53414719482976,1028.13009266004,0.033577762611207755
2024-06-30,7.930106095349418,328.75416482045233,16.50244304107616,79.68026326420929,1026.9659689158127,0.16437708241022617
2024-07-01,6.725535025898578,141.8627648291607,15.726662874285427,65.76810875637491,1017.1464798510478,0.07093138241458036
2024-07-02,7.552418207411414,258.8385285388755,14.05114759416475,79.22270970815185,1020.5113084780585,0.12941926426943776
2024-07-03,6.05531918228962,78.24781650920168,15.207107526163602,67.78963789804841,1019.2407141511948,0.03912390825460084
2024-07-04,7.05679066143311,183.1682772553166,14.17712039197717,67.71023809473844,1001.557385686083,0.09158413862765831
2024-07-05,6.659020774692472,134.39932673799464,16.587009168968724,66.80774208509011,1013.5729035445302,0.06719966336899733
2024-07-06,8.609872167967888,484.3522958779806,17.161102327774636,70.82815214695171,1023.7424723394466,0.2421761479389903
2024-07-07,7.20553474930251,204.0638822609199,11.761549040229601,63.08290086356974,1028.2618631736166,0.10203194113045995
2024-07-08,7.296063996128104,217.5277631074909,9.954601154403171,71.07422970716023,1005.7936032816805,0.10876388155374545
2024-07-09,6.137663315485367,84.74644471168843,8.26877770403545,70.83409624820008,1018.2883130181302,0.04237322235584421
2024-07-10,5.989960547981598,73.33289684222837,15.130823401189323,75.2380362520974,1014.5087021327754,0.03666644842111418
2024-07-11,6.038506172916199,76.96315031821685,10.126617454706528,76.67299923875171,1011.821259354184,0.038481575159108425
2024-07-12,7.245087758870301,209.87585863975633,6.808375947656829,68.80882700624848,1016.5600262922503,0.10493792931987816
2024-07-13,5.988101476421336,73.19619301128773,14.263626801851546,66.04666498702987,1015.1799741066613,0.036598096505643864
2024-07-14,7.020521708276938,178.2993259971001,20.408295666959965,65.1866979463419,1018.4140756887259,0.08914966299855005
2024-07-15,9.665364397040697,812.4079403623651,12.743103260743013,63.892476734097436,1027.4171676095004,0.4062039701811826
2024-07-16,7.825486522883087,308.2661144630952,15.10946966203267,61.1529516439805,1020.841275908647,0.1541330572315476
2024-07-17,5.996442833126063,73.81089253859764,12.672878732531819,66.84895957669427,1016.105912588727,0.03690544626929882
2024-07-18,8.254129933564808,397.92836101402975,11.964876292021025,65.40495384261567,1031.6462505682307,0.19896418050701487
2024-07-19,5.80718898029114,60.69003926491223,14.853739648080643,79.32834771732814,1024.0992959588034,0.030345019632456116
2024-07-20,3.3292800644302076,0.09794872373210818,11.061510703418985,71.15417652500088,1012.0760156139665,4.897436186605409e-05
2024-07-21,4.841683782519201,17.13750753620541,12.571243186692248,66.94554078061014,1000.8287959764709,0.008568753768102705
2024-07-22,3.515162966110638,0.375090765696701,12.571847656835146,71.60935201987392,1003.1216931907953,0.00018754538284835052
2024-07-23,5.76181904354417,57.79471506770382,9.441174987101522,62.78393402691391,1022.3323244831563,0.02889735753385191
2024-07-24,6.2846656302697514,97.22455541784754,14.261317356036685,68.88087498404406,1006.6968752074702,0.04861227770892377
2024-07-25,8.739862676168352,518.808369966262,10.601154268690912,72.52468642842128,1002.9194452288805,0.259404184983131
2024-07-26,6.6839956884720735,137.1702111327763,8.700787660650613,69.77795663584902,1005.4191467331281,0.06858510556638815
2024-07-27,5.833590380047218,62.41854999643536,12.420735397013782,68.03557601308648,1006.126156879093,0.03120927499821768
2024-07-28,7.375233996785509,229.77687689391897,7.960224179678267,79.87696777799397,1021.5064766778225,0.11488843844695948
2024-07-29,2.7835642271546126,0.0,10.585879425439586,77.60629524297855,1011.4325792421772,0.0
2024-07-30,6.423096838899042,110.04239239181011,10.321018018748354,72.4681191631888,999.2762539970059,0.05502119619590506
2024-07-31,7.195655901770872,202.62921266590664,13.454477252196842,71.38754722364565,1013.3104489776235,0.10131460633295332
2024-08-01,3.791446120865106,1.3600865059515217,11.470722146314198,72.41320959649168,1015.2226613244824,0.0006800432529757609
2024-08-02,7.695217089465775,283.96806300238603,9.822849247041475,64.02624215644866,1008.2066313855914,0.14198403150119301
2024-08-03,6.457893127929703,113.43241200960891,12.204041481041267,67.90275486528637,1024.558850841927,0.056716206004804454
2024-08-04,5.298089805813975,33.296873493296005,13.775731030377823,60.78919065781798,1008.7906111430772,0.016648436746648003
2024-08-05,6.841386922846669,155.512974459821,11.134501537491795,69.51092074973653,1024.0833768663715,0.0777564872299105
2024-08-06,9.26977366907926,676.1733629327343,9.34972977139347,70.86049167915326,1018.9678277967498,0.33808668146636717
2024-08-07,6.108390262922847,82.39656120239157,5.242445704625043,64.5549947220642,1022.2660550804441,0.041198280601195784
2024-08-08,6.1801228251400975,88.23363049317587,5.843618739221849,79.28057694331028,1002.014491591936,0.044116815246587934
2024-08-09,5.091304455277769,25.093096418574845,7.9860549098766755,78.18909221874483,1013.983101922381,0.012546548209287422
2024-08-10,4.47849402458826,8.866683129519602,6.937766287449387,74.44286470911811,1012.4717199542523,0.004433341564759801
2024-08-11,6.9720480080519724,171.92773199852533,8.071807507221685,70.66773257530726,998.7799347509247,0.08596386599926266
2024-08-12,4.416079084856986,7.7904939129500015,8.670973893292757,77.3993831929537,1024.050607298029,0.0038952469564750005
2024-08-13,5.781599350338413,59.04541726919766,9.960328235616814,62.613046876469255,1004.8259910309265,0.02952270863459883
2024-08-14,4.932201305906578,19.79062825969921,8.031941046093994,75.8101958854977,1006.9043217116401,0.009895314129849606
2024-08-15,6.341994571335131,102.40465237478189,9.577129095056321,62.49641627933697,1002.8668416440228,0.05120232618739094
2024-08-16,6.099262668454613,81.67283343529012,8.187270797051315,75.88421325098811,1020.0118632607038,0.040836416717645055
2024-08-17,7.130738751365154,193.3684669047213,1.9457444758299127,65.51535136502714,997.7407028122741,0.09668423345236064
2024-08-18,4.785485410593264,15.616056979370324,4.934543862920658,77.54181162036377,1019.1787480046456,0.007808028489685162
2024-08-19,5.122207707240829,26.222019115190857,7.202837883739584,78.88084187650796,1023.4451398624346,0.013111009557595428
2024-08-20,4.035820516260294,3.048989954943593,3.890746221145455,62.97591938810231,1018.3717842762576,0.0015244949774717964
2024-08-21,4.814914880075315,16.401034847459275,9.206560040936026,69.25351210130788,1020.1262848384642,0.008200517423729637
2024-08-22,6.025143581568643,75.9522150764467,11.888216707037916,79.6197475632537,1020.5954646957804,0.03797610753822335
2024-08-23,6.572969788408531,125.13837161436136,10.843719872294463,69.66814871946293,1003.5057567327424,0.06256918580718068
2024-08-24,4.032995271388726,3.02410918936095,6.4408876754852,77.27095045029091,1027.3473497966434,0.001512054594680475
2024-08-25,6.699877191128576,138.95186942951764,11.449519965400281,71.7746304426264,1008.399237458665,0.06947593471475882
2024-08-26,7.408624959233647,235.07797042762076,7.321843226737435,67.50659815839204,1012.3361238241002,0.11753898521381037
2024-08-27,5.975501199797132,72.27412732910952,5.765486311453785,65.7156711105174,1009.6736268164904,0.03613706366455476
2024-08-28,8.151209916470709,374.99908819691734,4.839872997545232,64.06446182172175,1017.9154212087731,0.18749954409845868
2024-08-29,4.156492151228325,4.243561849999642,5.678470689954038,75.23596382755395,1007.6196275686258,0.002121780924999821
2024-08-30,3.431851621877096,0.22095616947360794,5.329637928597424,67.73081013646056,1013.6691572423737,0.00011047808473680397
2024-08-31,2.6129144329325,0.0,6.916222698571051,70.22550924401503,1000.6465618285399,0.0
2024-09-01,7.5077310842603415,251.29072900236454,6.800045028282427,69.84650960002364,1024.6466520850158,0.12564536450118227
2024-09-02,6.228396721870072,92.31306277867213,6.243379247155174,71.54558058466263,1019.7074094595021,0.046156531389336064
2024-09-03,5.147173637097795,27.1583865969453,7.463567726556439,77.31154291249105,1010.0774023809823,0.01357919329847265
2024-09-04,5.634729597600001,50.17768466080254,9.645822114960374,79.61478687166858,1008.3085096997419,0.02508884233040127
2024-09-05,3.511297378137843,0.3667103473949048,8.846317151751009,68.15168417147633,1019.446282463177,0.0001833551736974524
2024-09-06,8.853445997234711,550.2211944210067,1.469396233697653,76.55037844212606,1005.9270661936404,0.27511059721050335
2024-09-07,5.36447402104542,36.26653863319324,-1.808552164292971,75.29055589309435,1014.2536531576517,0.01813326931659662
2024-09-08,5.32109999665335,34.30710092960417,8.587998757447878,71.47057902911146,1024.613987874314,0.017153550464802082
2024-09-09,6.232568668298953,92.6714044735455,1.6189575670083114,79.12094287223866,1004.8874288086281,0.04633570223677275
2024-09-10,5.8528927520694305,63.70284144522008,4.982598316643752,64.00949031056805,1016.686008291202,0.03185142072261004
2024-09-11,5.455218067941897,40.60436111949347,2.0866210794379176,62.18528420619243,1016.1572526693549,0.020302180559746735
2024-09-12,3.922249977568015,2.152030525795292,0.13386699093985666,77.07923933910844,1012.0266318133732,0.001076015262897646
2024-09-13,5.804293710237317,60.502449947599956,7.109844057280984,68.78299633267497,1007.9621041589606,0.03025122497379998
2024-09-14,7.909820534379531,324.7127345652735,7.711384429242843,76.93937708414121,1025.147970568944,0.16235636728263675
2024-09-15,7.095172625490429,188.41657619914034,3.655681579109654,77.8618041039083,1007.0243136423303,0.09420828809957017
2024-09-16,7.457650296853054,243.00793359137717,-2.433775091964935,61.24915187238143,994.8796109887038,0.12150396679568859
2024-09-17,4.29244639112955,5.922977487977173,3.65761618412419,77.66929525972121,1019.4053359163104,0.0029614887439885864
2024-09-18,3.56683651752905,0.4996615500936319,6.431630755792247,68.96638110738844,1000.9869665023217,0.00024983077504681594
2024-09-19,4.855113878235507,17.51516329419974,0.7822365856025115,70.20864978008464,1019.9188114485509,0.00875758164709987
2024-09-20,5.120511010037348,26.159176163138046,5.734697967359,72.5318502218642,1026.3490324784345,0.013079588081569022
2024-09-21,6.671921208407367,135.82588021183764,5.107240105985734,78.52765213460174,1019.2974987839867,0.06791294010591882
2024-09-22,2.4862300423293107,0.0,6.862509433310965,60.38232188859528,1023.714113018875,0.0
2024-09-23,7.314129978173502,220.28358923587416,5.457763600155366,69.53686936635634,1033.2004910692965,0.11014179461793708
2024-09-24,4.778256134902172,15.42713977354891,2.1571330912086135,73.75444084861121,1022.6676046260894,0.007713569886774455
2024-09-25,4.370997175772766,7.069881715865293,8.646308408462955,74.45413915396458,1016.3057339262543,0.0035349408579326462
2024-09-26,3.489801498494483,0.3223760693551184,4.564201587842758,73.85064863074216,1029.3394818352365,0.0001611880346775592
2024-09-27,2.5229018115354265,0.0,4.944020478140609,62.688702588162435,1030.5477554484658,0.0
2024-09-28,6.237761750539916,93.11874880950303,2.215225495765633,65.98791176743363,1030.6877178325942,0.04655937440475152
2024-09-29,5.111392823332867,25.82317215064353,3.6772326091767726,67.17431050834027,1008.07856484804,0.012911586075321765
2024-09-30,3.065475934089335,0.000770100802394767,2.3476782764238777,76.0887441535901,999.459816415016,3.850504011973835e-07
2024-10-01,3.0573922454520925,0.0005186353531732449,4.481213837967317,65.57519744829106,1007.4680781656511,2.5931767658662247e-07
2024-10-02,4.496518303557255,9.194932940332377,10.136102202889266,64.21409927734406,1020.0364161579317,0.004597466470166189
2024-10-03,7.504504363740427,250.75147899608447,0.8891569502376182,79.14896038076192,1014.591589453321,0.12537573949804223
2024-10-04,4.6129533165988565,11.512452755193404,0.17101752459109232,60.17726570226938,1010.9351901482315,0.005756226377596702
2024-10-05,2.749585321436599,0.0,9.435009738049619,79.95641711363956,1018.6048139880494,0.0
2024-10-06,4.638235122265712,12.062328871945018,4.40627756051754,73.53642597714791,998.2919491832673,0.006031164435972509
2024-10-07,4.6009041362890235,11.256372266827045,3.042729238572898,76.56938598898233,1014.4116929869155,0.005628186133413523
2024-10-08,0.9683881751399035,0.0,8.188304759949535,65.89238792692386,1024.1845764484788,0.0
2024-10-09,4.936592261175983,19.92585856991235,3.273326185552916,60.2863055533412,1018.4931564455823,0.009962929284956176
2024-10-10,4.676535682500296,12.92828361269694,10.592716529707376,74.7573903712306,1019.9180982183373,0.00646414180634847
2024-10-11,6.072734986502246,79.59353315639345,7.175904810428395,76.68289194001352,1028.973727899525,0.039796766578196724
2024-10-12,7.807930963801041,304.91383944986876,3.7087498824780076,74.80952263907038,1012.3385671512633,0.1524569197249344
2024-10-13,6.730997371818023,142.4876738967123,11.677673777278446,62.857005746016775,1006.4690833864967,0.07124383694835615
2024-10-14,4.645049453058418,12.21347764254155,3.424767675443301,75.06855844513939,1024.8951504266504,0.006106738821270775
2024-10-15,3.396403802192478,0.17088970565286044,7.50724944255284,75.37845564215282,1024.7112063103393,8.544485282643022e-05
2024-10-16,8.924617750457283,570.5365525235228,6.220767969131941,73.17081031340109,1018.582916747558,0.2852682762617614
2024-10-17,5.162363799375992,27.738869266451204,9.27290460996769,75.32231865591173,1011.3962899941755,0.013869434633225602
2024-10-18,5.10395826064297,25.55134858061985,10.099855204048307,76.91842879355464,1013.0137965100798,0.012775674290309926
2024-10-19,5.05697211863526,23.877435607152552,5.56181119369862,72.27208228474916,1000.2322704786891,0.011938717803576276
2024-10-20,5.40094658168705,37.970818611034254,3.258843591637788,61.772094279393585,1024.129465302072,0.018985409305517127
2024-10-21,4.898499624218514,18.773014426160884,6.955117639339491,69.75255619334422,1023.7765130952914,0.009386507213080443
2024-10-22,4.266325823271682,5.571073099709765,3.600948058703862,61.5529866934321,999.8831724953321,0.0027855365498548825
2024-10-23,4.318863317662786,6.293639092245112,11.735920390196739,68.15086062064861,1021.6763208390613,0.003146819546122556
2024-10-24,5.102905375072116,25.51300772651883,6.169782395228782,68.14212978251255,1017.04101655009,0.012756503863259414
2024-10-25,4.35032851705963,6.7549289551412555,4.731363714865061,61.32019688280483,1002.780258896092,0.0033774644775706277
2024-10-26,4.11017026133065,3.7538009149369604,6.451235594326707,66.97641067938959,1000.9399979892753,0.0018769004574684801
2024-10-27,5.353596271779401,35.76830578345662,1.9283757826186898,62.219961975826294,1016.7349326940172,0.01788415289172831
2024-10-28,4.826531537981709,16.71798739882141,3.130144705033005,76.16470420018445,1009.0229588609308,0.008358993699410705
2024-10-29,7.480563267352882,246.77451650899005,9.72411064622752,78.95376051928942,1031.1994885054967,0.12338725825449502
2024-10-30,1.2642208694362238,0.0,4.23269507321452,61.44632950515877,1022.5259839464891,0.0
2024-10-31,6.894558269856411,162.06046682524163,3.145757011817776,79.10230414583403,1017.7369313673223,0.08103023341262082
2024-11-01,7.143563884227694,195.17517817661454,7.982138734988114,70.4515319867349,1018.230790040024,0.09758758908830727
2024-11-02,2.1819994724985596,0.0,10.01753656954291,65.99131355907748,1026.3086718036716,0.0
2024-11-03,4.796207555198944,15.899081065106298,8.708054663592533,61.53724150552327,1021.4651809172734,0.007949540532553149
2024-11-04,4.771731800015884,15.25795774867039,9.632608552465305,70.01248536140835,1017.9976643849602,0.007628978874335195
2024-11-05,3.2367742170404714,0.036417128188333404,4.469823529877635,75.89031088981497,1003.1973882370249,1.82085640941667e-05
2024-11-06,4.200954228859454,4.752059115312749,2.5729643010033056,74.14172954533396,1043.6194696540622,0.002376029557656374
2024-11-07,3.721936023143995,1.0322825967929812,11.442999912580149,61.00452022927948,1001.9681724269177,0.0005161412983964906
2024-11-08,8.036803063554691,350.56405102163626,6.073947475569878,61.45803670735807,1009.8745726289984,0.17528202551081812
2024-11-09,6.832983576033199,154.49461356052205,6.394830882194897,68.05746565265274,996.4527172359001,0.07724730678026102
2024-11-10,7.358331962978112,227.1241872119355,11.239579027981542,65.90580988095887,1018.3879815876926,0.11356209360596775
2024-11-11,6.555499124948683,123.31167460298714,9.033645172621128,64.64768646112095,1014.5111043728481,0.06165583730149357
2024-11-12,3.8018569469767067,1.414468094385395,8.844836335257577,65.62008997817428,1020.6527643836476,0.0007072340471926974
2024-11-13,4.7315430044084765,14.243027528211213,14.086624053843934,76.0696548659377,995.6093436889556,0.007121513764105606
2024-11-14,6.275712497638293,96.43169495335098,5.777698587841651,78.58456107263709,1024.1290566738094,0.04821584747667549
2024-11-15,3.7322177434603105,1.0770186245354707,10.610567668234852,68.10205389055133,1004.9256459853038,0.0005385093122677354
2024-11-16,6.659090421480697,134.4070014631693,8.119003255801832,78.12222004264994,1011.5099480063614,0.06720350073158465
2024-11-17,5.253705360597592,31.404644418121332,8.876744125763743,66.42991402495764,1022.3157126868107,0.015702322209060666
2024-11-18,5.076973010574382,24.580744159509525,12.781426388731486,69.52873972687583,1015.612666841319,0.012290372079754763
2024-11-19,6.731057619631838,142.494576643042,9.846595605501877,64.52057995631999,1016.3194255666687,0.071247288321521
2024-11-20,6.356821241099958,103.77365451821274,10.067019606503388,72.80952084351688,1020.991788199054,0.05188682725910637
2024-11-21,5.175173155621154,28.234751642179372,11.800634033678278,79.57962230349618,1017.2879063993872,0.014117375821089686
2024-11-22,7.482193011953133,247.0438971985474,7.621133345905147,72.06986192086757,1009.5889209745128,0.12352194859927369
2024-11-23,4.148551125904882,4.156745765022736,6.333101584506622,67.15628168227097,1011.3353087176478,0.002078372882511368
2024-11-24,6.721361271669426,141.38650795140995,5.852861724202057,72.95634891981057,1015.1187867865182,0.07069325397570497
2024-11-25,6.7147773437198115,140.63740093072656,3.2265575157081736,62.45841356930775,1004.0444390645366,0.07031870046536327
2024-11-26,5.388821057589708,37.398425934584985,15.434324972624434,77.77318160530797,1022.9600865938867,0.018699212967292492
2024-11-27,6.37069488383049,105.06565997423695,6.097851655171514,70.06167901559672,1015.8865393080748,0.05253282998711847
2024-11-28,4.03351060331679,3.028637373496168,8.887143968716405,68.98699484079285,1013.7477626792197,0.001514318686748084
2024-11-29,7.32522960911762,221.98824075503686,8.86550550186958,71.71729576907039,1024.9249655903147,0.11099412037751842
2024-11-30,5.691157899073256,53.47120944224315,10.764775612116,72.49567725578805,1011.7988635678863,0.026735604721121575
2024-12-01,5.2140538305491155,29.776043792476987,12.437903444256264,61.43551612453026,1011.1757900284758,0.014888021896238493
2024-12-02,7.601575924650238,267.3143318890049,12.721730894553755,73.65234442446805,1008.1537123599603,0.13365716594450244
2024-12-03,5.001757886713748,22.005797495175113,8.542134796932622,64.8386336063106,1016.4306700892594,0.011002898747587557
2024-12-04,3.9760714866607287,2.55121668146897,9.942452014671108,74.2790526501318,1016.0845010833151,0.001275608340734485
2024-12-05,3.784579329159487,1.324991379998869,11.445355298691615,76.45069588768393,1006.337157994901,0.0006624956899994346
2024-12-06,7.059558221986424,183.54340768412618,10.006643096289183,76.0791701510504,1011.223060228866,0.0917717038420631
2024-12-07,4.261170839651622,5.503313192234185,15.73111107004021,71.05001934815778,1006.4039773148077,0.0027516565961170926
2024-12-08,8.84551982894445,547.9890513323658,12.53956763475427,70.40339784621503,1005.9513154618451,0.2739945256661829
2024-12-09,3.1221809204507958,0.005003946353578988,13.430008519531345,62.857519226788234,995.7010216827315,2.501973176789494e-06
2024-12-10,8.821729455463432,541.3255491084617,13.373868321144112,75.50692300806271,1010.6908974631845,0.2706627745542308
2024-12-11,6.625754908628721,130.76689090960116,15.066565111579944,65.42818760893428,995.9778673391999,0.06538344545480058
2024-12-12,6.19654725515442,89.60780818401365,12.251149290911167,69.93390845635894,1008.3718431366049,0.044803904092006824
2024-12-13,5.556821334026669,45.85678587105611,7.980503977332924,65.68548185855033,1006.873053541224,0.022928392935528057
2024-12-14,7.005672361347011,176.33102780622121,13.233904804352449,62.67656725999386,1023.5189505726561,0.0881655139031106
2024-12-15,6.383459849414038,106.26385057287057,10.245488833881067,72.59115393783473,1002.8506519369035,0.05313192528643528
2024-12-16,8.127974178387348,369.9473802939147,10.779256731563557,61.086640696458076,1005.3881361518553,0.18497369014695736
2024-12-17,6.677628222126092,136.46017941362265,14.29052580193044,74.972904682524,1009.1847586080843,0.06823008970681133
2024-12-18,6.765150882790329,146.4365947178208,16.413340417288474,66.35173590522233,1007.1985634849723,0.0732182973589104
2024-12-19,6.027827624437361,76.1545591193653,12.930044443998904,60.00269386008971,1026.6925479742188,0.03807727955968265
2024-12-20,6.521501492728528,119.80807708424942,13.961098679347536,70.22258278474459,1001.6143262695037,0.05990403854212471
2024-12-21,7.102412885917463,189.41770497034975,18.310195996802584,60.937038170552064,1009.2059550101416,0.09470885248517487
2024-12-22,4.109354267486277,3.745529676685792,14.09529382082178,65.52339115641799,1016.3206524916441,0.001872764838342896
2024-12-23,4.686321636270729,13.155995130899058,21.34804818968768,74.13952974911433,1021.81183343042,0.006577997565449529
2024-12-24,7.857575053437863,314.4568255638327,15.409923498913585,61.253792432437315,1009.1975844406979,0.15722841278191635
2024-12-25,7.03313235801991,179.9823390778642,8.601882726672532,76.78676984712004,993.819003994962,0.0899911695389321
2024-12-26,6.535080523073552,121.19938037612448,16.31530250132645,60.07639845317166,1011.498957784145,0.06059969018806224
2024-12-27,6.872983665684448,159.3820701497361,15.370138985080125,64.93647738403804,1026.5202847618073,0.07969103507486805
2024-12-28,7.4010283311355165,233.86485440871115,18.267537127713286,74.81808112304142,1015.8218740743042,0.11693242720435558
2024-12-29,6.104374871428514,82.07765603392885,16.589616013272657,66.32540299458614,1015.3641786235993,0.04103882801696442
2024-12-30,5.7809413671134475,59.00352586092661,14.326624324133263,62.03784776132027,1002.36982008423,0.029501762930463304
2024-12-31,7.276565670915093,214.5793392610133,11.241094232474758,67.20467837600856,1001.3432840971134,0.10728966963050665
